pattern,games,blue_wins,red_wins,timeouts,completion_rate,mean_win_turns,no_legal_moves,required_cells,mean_final_blue,mean_final_red,mean_peak_blue,mean_peak_red,mean_final_blue_pct,mean_final_red_pct,mean_peak_blue_pct,mean_peak_red_pct
letter_A,4,0,0,4,0.0,,0,18,9.75,6.0,10.25,6.5,54.17,33.33,56.94,36.11
letter_B,4,0,0,4,0.0,,0,20,8.75,7.5,10.75,8.75,43.75,37.5,53.75,43.75
letter_C,4,0,0,4,0.0,,0,13,5.75,5.5,7.0,6.0,44.23,42.31,53.85,46.15
letter_D,4,0,0,4,0.0,,0,18,8.75,7.0,9.5,8.0,48.61,38.89,52.78,44.44
letter_E,4,0,0,4,0.0,,0,18,9.25,6.75,10.0,7.5,51.39,37.5,55.56,41.67
letter_F,4,0,0,4,0.0,,0,14,9.25,2.5,10.25,4.25,66.07,17.86,73.21,30.36
letter_G,4,0,0,4,0.0,,0,18,8.25,7.25,9.75,8.5,45.83,40.28,54.17,47.22
letter_H,4,0,0,4,0.0,,0,17,8.5,5.5,10.0,6.25,50.0,32.35,58.82,36.76
letter_I,4,0,0,4,0.0,,0,15,6.75,6.0,8.0,7.25,45.0,40.0,53.33,48.33
letter_J,4,0,0,4,0.0,,0,12,5.25,5.5,6.25,6.0,43.75,45.83,52.08,50.0
letter_K,4,0,0,4,0.0,,0,14,6.25,4.75,8.75,5.25,44.64,33.93,62.5,37.5
letter_L,4,0,0,4,0.0,,0,11,2.75,6.5,4.0,7.0,25.0,59.09,36.36,63.64
letter_M,4,0,0,4,0.0,,0,18,10.5,5.0,11.25,6.25,58.33,27.78,62.5,34.72
letter_N,4,0,0,4,0.0,,0,18,7.5,6.5,9.75,7.75,41.67,36.11,54.17,43.06
letter_O,4,0,0,4,0.0,,0,16,7.0,7.25,8.75,7.75,43.75,45.31,54.69,48.44
letter_P,4,0,0,4,0.0,,0,15,10.0,3.25,11.0,4.0,66.67,21.67,73.33,26.67
letter_Q,4,0,0,4,0.0,,0,17,8.0,6.5,9.25,7.25,47.06,38.24,54.41,42.65
letter_R,4,0,0,4,0.0,,0,18,10.75,5.0,11.25,6.75,59.72,27.78,62.5,37.5
letter_S,4,0,0,4,0.0,,0,15,7.25,5.75,8.25,6.75,48.33,38.33,55.0,45.0
letter_T,4,0,0,4,0.0,,0,11,7.25,2.25,8.5,3.25,65.91,20.45,77.27,29.55
letter_U,4,0,0,4,0.0,,0,15,7.25,6.0,8.0,7.25,48.33,40.0,53.33,48.33
letter_V,4,0,0,4,0.0,,0,13,7.5,4.0,8.0,4.75,57.69,30.77,61.54,36.54
letter_W,4,0,0,4,0.0,,0,18,6.75,8.25,9.0,8.75,37.5,45.83,50.0,48.61
letter_X,4,0,0,4,0.0,,0,13,6.5,5.5,7.75,5.75,50.0,42.31,59.62,44.23
letter_Y,4,0,0,4,0.0,,0,10,6.0,3.0,7.25,3.75,60.0,30.0,72.5,37.5
letter_Z,4,0,0,4,0.0,,0,15,6.25,7.25,8.25,7.5,41.67,48.33,55.0,50.0
number_1,4,0,0,4,0.0,,0,10,4.75,4.0,6.0,5.0,47.5,40.0,60.0,50.0
number_2,4,0,0,4,0.0,,0,14,6.25,6.5,7.25,7.25,44.64,46.43,51.79,51.79
number_3,4,0,0,4,0.0,,0,15,6.75,6.5,9.0,6.75,45.0,43.33,60.0,45.0
number_4,4,0,0,4,0.0,,0,14,6.25,4.5,7.5,5.25,44.64,32.14,53.57,37.5
number_5,4,0,0,4,0.0,,0,17,8.0,5.75,9.5,7.0,47.06,33.82,55.88,41.18
number_6,4,0,0,4,0.0,,0,17,7.5,6.0,8.75,6.75,44.12,35.29,51.47,39.71
number_7,4,0,0,4,0.0,,0,11,7.25,3.0,8.25,3.5,65.91,27.27,75.0,31.82
number_8,4,0,0,4,0.0,,0,17,8.75,6.75,9.25,7.0,51.47,39.71,54.41,41.18
number_9,4,0,0,4,0.0,,0,17,9.0,5.75,10.75,7.0,52.94,33.82,63.24,41.18
shape_CROSS,4,2,0,2,0.5,345.0,0,9,7.75,0.5,8.0,3.0,86.11,5.56,88.89,33.33
shape_DIAGONAL,4,3,0,1,0.75,138.3,0,5,4.5,0.25,4.5,1.25,90.0,5.0,90.0,25.0
shape_DIAMOND,4,0,0,4,0.0,,0,8,4.0,3.0,5.0,3.25,50.0,37.5,62.5,40.62
shape_LINE,4,4,0,0,1.0,84.5,0,5,5.0,0.0,5.0,1.0,100.0,0.0,100.0,20.0
shape_L_SHAPE,4,0,0,4,0.0,,0,9,2.0,5.75,3.5,6.5,22.22,63.89,38.89,72.22
shape_RECTANGLE,4,0,0,4,0.0,,0,12,7.25,2.25,7.5,4.75,60.42,18.75,62.5,39.58
shape_SQUARE,4,0,0,4,0.0,,0,16,6.25,6.0,8.25,6.75,39.06,37.5,51.56,42.19
shape_TRIANGLE,4,0,0,4,0.0,,0,10,5.0,3.25,6.0,4.0,50.0,32.5,60.0,40.0
shape_T_SHAPE,4,3,0,1,0.75,211.0,0,9,8.0,0.5,8.5,2.0,88.89,5.56,94.44,22.22
shape_ZIGZAG,4,4,0,0,1.0,141.0,0,8,8.0,0.0,8.0,1.0,100.0,0.0,100.0,12.5
symbol_AT,4,0,0,4,0.0,,0,21,9.5,7.0,10.75,8.75,45.24,33.33,51.19,41.67
symbol_EXCLAMATION,4,1,0,3,0.25,321.0,0,6,3.75,2.0,4.5,2.75,62.5,33.33,75.0,45.83
symbol_HASH,4,0,0,4,0.0,,0,20,7.75,7.75,10.5,8.25,38.75,38.75,52.5,41.25
symbol_HEART,4,0,0,4,0.0,,0,16,10.0,2.25,11.0,4.0,62.5,14.06,68.75,25.0
symbol_PLUS,4,0,0,4,0.0,,0,11,6.0,3.75,7.0,4.25,54.55,34.09,63.64,38.64
symbol_QUESTION,4,1,0,3,0.25,161.0,0,9,6.75,2.0,7.25,2.5,75.0,22.22,80.56,27.78
symbol_STAR,4,0,0,4,0.0,,0,19,9.25,6.75,11.0,7.5,48.68,35.53,57.89,39.47
symbol_TIMES,4,0,0,4,0.0,,0,11,5.0,5.0,6.5,5.0,45.45,45.45,59.09,45.45
