pattern,blue,red,ties,full_pattern,decisions,mean_blue_occupied,mean_red_occupied
letter_A,4,0,0,0,4,8.5,6.25
letter_B,3,1,0,0,4,9.75,7.25
letter_C,1,2,1,0,3,5.0,5.25
letter_D,3,1,0,0,4,8.25,7.75
letter_E,4,0,0,0,4,8.75,6.25
letter_F,4,0,0,0,4,9.25,3.0
letter_G,1,3,0,0,4,7.0,7.5
letter_H,3,1,0,0,4,7.5,6.0
letter_I,2,1,1,0,3,6.75,6.5
letter_J,3,1,0,0,4,5.75,5.25
letter_K,3,1,0,0,4,7.0,5.5
letter_L,0,4,0,0,4,3.0,6.25
letter_M,4,0,0,0,4,9.0,5.75
letter_N,4,0,0,0,4,9.5,6.25
letter_O,2,2,0,0,4,6.75,6.5
letter_P,4,0,0,0,4,9.75,3.0
letter_Q,3,1,0,0,4,7.75,6.75
letter_R,4,0,0,0,4,9.5,4.75
letter_S,4,0,0,0,4,7.75,5.5
letter_T,4,0,0,0,4,7.75,1.25
letter_U,2,2,0,0,4,6.25,7.25
letter_V,4,0,0,0,4,7.25,3.5
letter_W,0,4,0,0,4,6.25,8.5
letter_X,3,1,0,0,4,6.75,5.5
letter_Y,3,1,0,0,4,6.0,2.75
letter_Z,1,3,0,0,4,6.5,7.25
number_1,1,3,0,0,4,3.75,5.25
number_2,1,3,0,0,4,6.0,7.25
number_3,4,0,0,0,4,8.25,5.5
number_4,3,1,0,0,4,6.0,5.25
number_5,4,0,0,0,4,9.0,5.5
number_6,4,0,0,0,4,7.5,6.0
number_7,4,0,0,0,4,7.0,2.5
number_8,4,0,0,0,4,9.0,6.75
number_9,4,0,0,0,4,8.25,5.25
shape_CROSS,4,0,0,0,4,5.25,1.25
shape_DIAGONAL,4,0,0,3,1,4.5,0.5
shape_DIAMOND,3,1,0,0,4,3.25,2.75
shape_L_SHAPE,0,4,0,0,4,2.0,5.25
shape_LINE,4,0,0,4,0,5.0,0.0
shape_RECTANGLE,4,0,0,0,4,6.25,2.75
shape_SQUARE,4,0,0,0,4,7.75,5.5
shape_T_SHAPE,4,0,0,1,3,6.5,1.25
shape_TRIANGLE,3,1,0,0,4,4.25,3.25
shape_ZIGZAG,4,0,0,4,0,8.0,0.0
symbol_AT,4,0,0,0,4,9.5,7.25
symbol_EXCLAMATION,4,0,0,0,4,4.0,1.25
symbol_HASH,3,1,0,0,4,9.0,7.25
symbol_HEART,4,0,0,0,4,10.0,3.0
symbol_PLUS,4,0,0,0,4,5.5,2.5
symbol_QUESTION,4,0,0,1,3,6.75,1.0
symbol_STAR,4,0,0,0,4,10.25,6.25
symbol_TIMES,0,4,0,0,4,4.75,5.75
