pattern,orientation,starter,games,blue_wins,red_wins,timeouts,blue_final_pct,red_final_pct,blue_peak_pct,red_peak_pct
letter_A,normal,BLUE,4,0,0,4,54.17,33.33,56.94,36.11
letter_A,normal,RED,4,0,0,4,56.94,26.39,58.33,38.89
letter_A,flipped,BLUE,4,0,0,4,43.06,33.33,50.0,37.5
letter_A,flipped,RED,4,0,0,4,50.0,29.17,50.0,44.44
letter_B,normal,BLUE,4,0,0,4,43.75,37.5,53.75,43.75
letter_B,normal,RED,4,0,0,4,52.5,32.5,52.5,41.25
letter_B,flipped,BLUE,4,0,0,4,43.75,37.5,53.75,43.75
letter_B,flipped,RED,4,0,0,4,52.5,32.5,52.5,41.25
letter_C,normal,BLUE,4,0,0,4,44.23,42.31,53.85,46.15
letter_C,normal,RED,4,0,0,4,51.92,38.46,57.69,50.0
letter_C,flipped,BLUE,4,0,0,4,44.23,42.31,53.85,46.15
letter_C,flipped,RED,4,0,0,4,51.92,38.46,57.69,50.0
letter_D,normal,BLUE,4,0,0,4,48.61,38.89,52.78,44.44
letter_D,normal,RED,4,0,0,4,48.61,38.89,51.39,45.83
letter_D,flipped,BLUE,4,0,0,4,48.61,38.89,52.78,44.44
letter_D,flipped,RED,4,0,0,4,48.61,38.89,51.39,45.83
letter_E,normal,BLUE,4,0,0,4,51.39,37.5,55.56,41.67
letter_E,normal,RED,4,0,0,4,47.22,41.67,54.17,45.83
letter_E,flipped,BLUE,4,0,0,4,51.39,37.5,55.56,41.67
letter_E,flipped,RED,4,0,0,4,47.22,41.67,54.17,45.83
letter_F,normal,BLUE,4,0,0,4,66.07,17.86,73.21,30.36
letter_F,normal,RED,4,0,0,4,66.07,23.21,71.43,30.36
letter_F,flipped,BLUE,4,0,0,4,32.14,46.43,42.86,51.79
letter_F,flipped,RED,4,0,0,4,39.29,44.64,42.86,53.57
letter_G,normal,BLUE,4,0,0,4,45.83,40.28,54.17,47.22
letter_G,normal,RED,4,0,0,4,47.22,34.72,50.0,45.83
letter_G,flipped,BLUE,4,0,0,4,52.78,30.56,62.5,37.5
letter_G,flipped,RED,4,0,0,4,48.61,31.94,56.94,38.89
letter_H,normal,BLUE,4,0,0,4,50.0,32.35,58.82,36.76
letter_H,normal,RED,4,0,0,4,52.94,27.94,54.41,38.24
letter_H,flipped,BLUE,4,0,0,4,50.0,32.35,58.82,36.76
letter_H,flipped,RED,4,0,0,4,52.94,27.94,54.41,38.24
letter_I,normal,BLUE,4,0,0,4,45.0,40.0,53.33,48.33
letter_I,normal,RED,4,0,0,4,48.33,43.33,55.0,53.33
letter_I,flipped,BLUE,4,0,0,4,45.0,40.0,53.33,48.33
letter_I,flipped,RED,4,0,0,4,48.33,43.33,55.0,53.33
letter_J,normal,BLUE,4,0,0,4,43.75,45.83,52.08,50.0
letter_J,normal,RED,4,0,0,4,43.75,45.83,47.92,58.33
letter_J,flipped,BLUE,4,0,0,4,43.75,37.5,64.58,41.67
letter_J,flipped,RED,4,0,0,4,52.08,35.42,60.42,43.75
letter_K,normal,BLUE,4,0,0,4,44.64,33.93,62.5,37.5
letter_K,normal,RED,4,0,0,4,46.43,32.14,50.0,44.64
letter_K,flipped,BLUE,4,0,0,4,44.64,33.93,62.5,37.5
letter_K,flipped,RED,4,0,0,4,46.43,32.14,50.0,44.64
letter_L,normal,BLUE,4,0,0,4,25.0,59.09,36.36,63.64
letter_L,normal,RED,4,0,0,4,36.36,52.27,40.91,68.18
letter_L,flipped,BLUE,4,0,0,4,61.36,27.27,68.18,31.82
letter_L,flipped,RED,4,1,0,3,79.55,15.91,81.82,29.55
letter_M,normal,BLUE,4,0,0,4,58.33,27.78,62.5,34.72
letter_M,normal,RED,4,0,0,4,61.11,25.0,62.5,36.11
letter_M,flipped,BLUE,4,0,0,4,40.28,44.44,51.39,45.83
letter_M,flipped,RED,4,0,0,4,37.5,44.44,47.22,52.78
letter_N,normal,BLUE,4,0,0,4,41.67,36.11,54.17,43.06
letter_N,normal,RED,4,0,0,4,52.78,30.56,56.94,43.06
letter_N,flipped,BLUE,4,0,0,4,44.44,36.11,51.39,41.67
letter_N,flipped,RED,4,0,0,4,52.78,30.56,54.17,43.06
letter_O,normal,BLUE,4,0,0,4,43.75,45.31,54.69,48.44
letter_O,normal,RED,4,0,0,4,54.69,29.69,54.69,46.88
letter_O,flipped,BLUE,4,0,0,4,43.75,45.31,54.69,48.44
letter_O,flipped,RED,4,0,0,4,54.69,29.69,54.69,46.88
letter_P,normal,BLUE,4,0,0,4,66.67,21.67,73.33,26.67
letter_P,normal,RED,4,0,0,4,71.67,16.67,78.33,26.67
letter_P,flipped,BLUE,4,0,0,4,30.0,56.67,45.0,56.67
letter_P,flipped,RED,4,0,0,4,38.33,48.33,41.67,58.33
letter_Q,normal,BLUE,4,0,0,4,47.06,38.24,54.41,42.65
letter_Q,normal,RED,4,0,0,4,44.12,32.35,47.06,50.0
letter_Q,flipped,BLUE,4,0,0,4,42.65,45.59,57.35,47.06
letter_Q,flipped,RED,4,0,0,4,52.94,35.29,55.88,41.18
letter_R,normal,BLUE,4,0,0,4,59.72,27.78,62.5,37.5
letter_R,normal,RED,4,0,0,4,56.94,29.17,59.72,37.5
letter_R,flipped,BLUE,4,0,0,4,47.22,38.89,54.17,43.06
letter_R,flipped,RED,4,0,0,4,44.44,40.28,45.83,47.22
letter_S,normal,BLUE,4,0,0,4,48.33,38.33,55.0,45.0
letter_S,normal,RED,4,0,0,4,51.67,36.67,56.67,45.0
letter_S,flipped,BLUE,4,0,0,4,55.0,35.0,56.67,40.0
letter_S,flipped,RED,4,0,0,4,51.67,36.67,55.0,46.67
letter_T,normal,BLUE,4,0,0,4,65.91,20.45,77.27,29.55
letter_T,normal,RED,4,0,0,4,72.73,20.45,75.0,31.82
letter_T,flipped,BLUE,4,0,0,4,29.55,61.36,40.91,65.91
letter_T,flipped,RED,4,0,0,4,29.55,56.82,36.36,63.64
letter_U,normal,BLUE,4,0,0,4,48.33,40.0,53.33,48.33
letter_U,normal,RED,4,0,0,4,46.67,38.33,48.33,50.0
letter_U,flipped,BLUE,4,0,0,4,45.0,38.33,56.67,40.0
letter_U,flipped,RED,4,0,0,4,53.33,35.0,55.0,41.67
letter_V,normal,BLUE,4,0,0,4,57.69,30.77,61.54,36.54
letter_V,normal,RED,4,0,0,4,57.69,30.77,61.54,38.46
letter_V,flipped,BLUE,4,0,0,4,36.54,42.31,55.77,50.0
letter_V,flipped,RED,4,0,0,4,48.08,34.62,50.0,44.23
letter_W,normal,BLUE,4,0,0,4,37.5,45.83,50.0,48.61
letter_W,normal,RED,4,0,0,4,43.06,34.72,45.83,45.83
letter_W,flipped,BLUE,4,0,0,4,55.56,30.56,62.5,37.5
letter_W,flipped,RED,4,0,0,4,54.17,31.94,55.56,38.89
letter_X,normal,BLUE,4,0,0,4,50.0,42.31,59.62,44.23
letter_X,normal,RED,4,0,0,4,42.31,40.38,55.77,53.85
letter_X,flipped,BLUE,4,0,0,4,50.0,42.31,59.62,44.23
letter_X,flipped,RED,4,0,0,4,42.31,40.38,55.77,53.85
letter_Y,normal,BLUE,4,0,0,4,60.0,30.0,72.5,37.5
letter_Y,normal,RED,4,0,0,4,60.0,35.0,65.0,42.5
letter_Y,flipped,BLUE,4,0,0,4,35.0,57.5,50.0,60.0
letter_Y,flipped,RED,4,0,0,4,32.5,57.5,42.5,60.0
letter_Z,normal,BLUE,4,0,0,4,41.67,48.33,55.0,50.0
letter_Z,normal,RED,4,0,0,4,51.67,40.0,55.0,56.67
letter_Z,flipped,BLUE,4,0,0,4,38.33,51.67,53.33,51.67
letter_Z,flipped,RED,4,0,0,4,51.67,40.0,53.33,53.33
number_1,normal,BLUE,4,0,0,4,47.5,40.0,60.0,50.0
number_1,normal,RED,4,0,0,4,42.5,45.0,45.0,60.0
number_1,flipped,BLUE,4,0,0,4,52.5,45.0,62.5,45.0
number_1,flipped,RED,4,0,0,4,57.5,32.5,65.0,47.5
number_2,normal,BLUE,4,0,0,4,44.64,46.43,51.79,51.79
number_2,normal,RED,4,0,0,4,44.64,42.86,51.79,55.36
number_2,flipped,BLUE,4,0,0,4,51.79,39.29,62.5,48.21
number_2,flipped,RED,4,0,0,4,50.0,41.07,55.36,51.79
number_3,normal,BLUE,4,0,0,4,45.0,43.33,60.0,45.0
number_3,normal,RED,4,0,0,4,48.33,35.0,53.33,46.67
number_3,flipped,BLUE,4,0,0,4,45.0,43.33,60.0,45.0
number_3,flipped,RED,4,0,0,4,48.33,35.0,53.33,46.67
number_4,normal,BLUE,4,0,0,4,44.64,32.14,53.57,37.5
number_4,normal,RED,4,0,0,4,50.0,32.14,51.79,44.64
number_4,flipped,BLUE,4,0,0,4,58.93,25.0,67.86,37.5
number_4,flipped,RED,4,0,0,4,57.14,25.0,58.93,39.29
number_5,normal,BLUE,4,0,0,4,47.06,33.82,55.88,41.18
number_5,normal,RED,4,0,0,4,55.88,29.41,55.88,39.71
number_5,flipped,BLUE,4,0,0,4,47.06,39.71,52.94,41.18
number_5,flipped,RED,4,0,0,4,50.0,35.29,52.94,47.06
number_6,normal,BLUE,4,0,0,4,44.12,35.29,51.47,39.71
number_6,normal,RED,4,0,0,4,52.94,36.76,57.35,45.59
number_6,flipped,BLUE,4,0,0,4,48.53,33.82,57.35,38.24
number_6,flipped,RED,4,0,0,4,48.53,32.35,60.29,41.18
number_7,normal,BLUE,4,0,0,4,65.91,27.27,75.0,31.82
number_7,normal,RED,4,0,0,4,70.45,25.0,72.73,40.91
number_7,flipped,BLUE,4,0,0,4,22.73,63.64,38.64,63.64
number_7,flipped,RED,4,0,0,4,29.55,63.64,29.55,72.73
number_8,normal,BLUE,4,0,0,4,51.47,39.71,54.41,41.18
number_8,normal,RED,4,0,0,4,55.88,29.41,57.35,39.71
number_8,flipped,BLUE,4,0,0,4,51.47,39.71,54.41,41.18
number_8,flipped,RED,4,0,0,4,55.88,29.41,57.35,39.71
number_9,normal,BLUE,4,0,0,4,52.94,33.82,63.24,41.18
number_9,normal,RED,4,0,0,4,57.35,25.0,58.82,42.65
number_9,flipped,BLUE,4,0,0,4,47.06,42.65,57.35,44.12
number_9,flipped,RED,4,0,0,4,51.47,35.29,55.88,45.59
shape_CROSS,normal,BLUE,4,2,0,2,86.11,5.56,88.89,33.33
shape_CROSS,normal,RED,4,1,0,3,72.22,16.67,80.56,36.11
shape_CROSS,flipped,BLUE,4,2,0,2,86.11,5.56,88.89,33.33
shape_CROSS,flipped,RED,4,1,0,3,72.22,16.67,80.56,36.11
shape_DIAGONAL,normal,BLUE,4,3,0,1,90.0,5.0,90.0,25.0
shape_DIAGONAL,normal,RED,4,2,0,2,80.0,15.0,80.0,35.0
shape_DIAGONAL,flipped,BLUE,4,3,0,1,90.0,5.0,95.0,30.0
shape_DIAGONAL,flipped,RED,4,3,0,1,90.0,10.0,90.0,35.0
shape_DIAMOND,normal,BLUE,4,0,0,4,50.0,37.5,62.5,40.62
shape_DIAMOND,normal,RED,4,1,0,3,62.5,28.12,65.62,53.12
shape_DIAMOND,flipped,BLUE,4,0,0,4,50.0,37.5,62.5,40.62
shape_DIAMOND,flipped,RED,4,1,0,3,62.5,28.12,65.62,53.12
shape_L_SHAPE,normal,BLUE,4,0,0,4,25.0,55.56,38.89,61.11
shape_L_SHAPE,normal,RED,4,0,0,4,27.78,52.78,44.44,69.44
shape_L_SHAPE,flipped,BLUE,4,2,0,2,86.11,8.33,88.89,22.22
shape_L_SHAPE,flipped,RED,4,1,0,3,77.78,5.56,83.33,22.22
shape_LINE,normal,BLUE,4,4,0,0,100.0,0.0,100.0,20.0
shape_LINE,normal,RED,4,4,0,0,100.0,0.0,100.0,45.0
shape_LINE,flipped,BLUE,4,4,0,0,100.0,0.0,100.0,20.0
shape_LINE,flipped,RED,4,4,0,0,100.0,0.0,100.0,45.0
shape_RECTANGLE,normal,BLUE,4,0,0,4,60.42,18.75,62.5,39.58
shape_RECTANGLE,normal,RED,4,0,0,4,47.92,25.0,54.17,41.67
shape_RECTANGLE,flipped,BLUE,4,0,0,4,60.42,18.75,62.5,39.58
shape_RECTANGLE,flipped,RED,4,0,0,4,47.92,25.0,54.17,41.67
shape_SQUARE,normal,BLUE,4,0,0,4,39.06,37.5,51.56,42.19
shape_SQUARE,normal,RED,4,0,0,4,48.44,31.25,56.25,43.75
shape_SQUARE,flipped,BLUE,4,0,0,4,39.06,37.5,51.56,42.19
shape_SQUARE,flipped,RED,4,0,0,4,48.44,31.25,56.25,43.75
shape_T_SHAPE,normal,BLUE,4,1,0,3,80.56,11.11,88.89,25.0
shape_T_SHAPE,normal,RED,4,2,0,2,83.33,13.89,86.11,33.33
shape_T_SHAPE,flipped,BLUE,4,0,0,4,19.44,69.44,41.67,69.44
shape_T_SHAPE,flipped,RED,4,0,0,4,36.11,58.33,41.67,72.22
shape_TRIANGLE,normal,BLUE,4,0,0,4,45.0,27.5,60.0,32.5
shape_TRIANGLE,normal,RED,4,0,0,4,47.5,37.5,55.0,47.5
shape_TRIANGLE,flipped,BLUE,4,0,0,4,42.5,37.5,67.5,42.5
shape_TRIANGLE,flipped,RED,4,0,0,4,57.5,17.5,65.0,25.0
shape_ZIGZAG,normal,BLUE,4,4,0,0,100.0,0.0,100.0,12.5
shape_ZIGZAG,normal,RED,4,2,0,2,84.38,9.38,90.62,31.25
shape_ZIGZAG,flipped,BLUE,4,0,0,4,43.75,50.0,56.25,53.12
shape_ZIGZAG,flipped,RED,4,0,0,4,28.12,59.38,43.75,68.75
symbol_AT,normal,BLUE,4,0,0,4,45.24,33.33,51.19,41.67
symbol_AT,normal,RED,4,0,0,4,45.24,33.33,51.19,41.67
symbol_AT,flipped,BLUE,4,0,0,4,45.24,38.1,52.38,40.48
symbol_AT,flipped,RED,4,0,0,4,47.62,33.33,52.38,42.86
symbol_EXCLAMATION,normal,BLUE,4,1,0,3,62.5,33.33,75.0,45.83
symbol_EXCLAMATION,normal,RED,4,1,0,3,70.83,20.83,75.0,37.5
symbol_EXCLAMATION,flipped,BLUE,4,0,0,4,25.0,62.5,54.17,62.5
symbol_EXCLAMATION,flipped,RED,4,0,0,4,54.17,29.17,58.33,62.5
symbol_HASH,normal,BLUE,4,0,0,4,38.75,38.75,52.5,41.25
symbol_HASH,normal,RED,4,0,0,4,55.0,26.25,55.0,36.25
symbol_HASH,flipped,BLUE,4,0,0,4,38.75,38.75,52.5,41.25
symbol_HASH,flipped,RED,4,0,0,4,55.0,26.25,55.0,36.25
symbol_HEART,normal,BLUE,4,0,0,4,62.5,14.06,68.75,25.0
symbol_HEART,normal,RED,4,0,0,4,57.81,23.44,67.19,29.69
symbol_HEART,flipped,BLUE,4,0,0,4,31.25,35.94,48.44,42.19
symbol_HEART,flipped,RED,4,0,0,4,35.94,28.12,46.88,39.06
symbol_PLUS,normal,BLUE,4,0,0,4,54.55,34.09,63.64,38.64
symbol_PLUS,normal,RED,4,0,0,4,54.55,25.0,56.82,40.91
symbol_PLUS,flipped,BLUE,4,0,0,4,54.55,34.09,63.64,38.64
symbol_PLUS,flipped,RED,4,0,0,4,54.55,25.0,56.82,40.91
symbol_QUESTION,normal,BLUE,4,1,0,3,75.0,22.22,80.56,27.78
symbol_QUESTION,normal,RED,4,3,0,1,97.22,0.0,97.22,22.22
symbol_QUESTION,flipped,BLUE,4,0,0,4,22.22,61.11,38.89,63.89
symbol_QUESTION,flipped,RED,4,0,0,4,25.0,66.67,33.33,72.22
symbol_STAR,normal,BLUE,4,0,0,4,48.68,35.53,57.89,39.47
symbol_STAR,normal,RED,4,0,0,4,52.63,31.58,53.95,35.53
symbol_STAR,flipped,BLUE,4,0,0,4,48.68,35.53,57.89,39.47
symbol_STAR,flipped,RED,4,0,0,4,52.63,31.58,53.95,35.53
symbol_TIMES,normal,BLUE,4,0,0,4,45.45,45.45,59.09,45.45
symbol_TIMES,normal,RED,4,0,0,4,52.27,45.45,54.55,52.27
symbol_TIMES,flipped,BLUE,4,0,0,4,45.45,45.45,59.09,45.45
symbol_TIMES,flipped,RED,4,0,0,4,52.27,45.45,54.55,52.27
