pattern,targets,mean_target_row,blue_distance,red_distance,red_minus_blue_distance
letter_A,18,6.833,5.833,7.167,1.333
letter_B,20,7.0,6.0,7.0,1.0
letter_C,13,7.0,6.0,7.0,1.0
letter_D,18,7.0,6.0,7.0,1.0
letter_E,18,7.0,6.0,7.0,1.0
letter_F,14,6.143,5.143,7.857,2.714
letter_G,18,7.167,6.167,6.833,0.667
letter_H,17,7.0,6.0,7.0,1.0
letter_I,15,7.0,6.0,7.0,1.0
letter_J,12,7.0,6.0,7.0,1.0
letter_K,14,7.0,6.0,7.0,1.0
letter_L,11,8.091,7.091,5.909,-1.182
letter_M,18,6.722,5.722,7.278,1.556
letter_N,18,6.889,5.889,7.111,1.222
letter_O,16,7.0,6.0,7.0,1.0
letter_P,15,6.2,5.2,7.8,2.6
letter_Q,17,7.059,6.059,6.941,0.882
letter_R,18,6.667,5.667,7.333,1.667
letter_S,15,7.0,6.0,7.0,1.0
letter_T,11,5.909,4.909,8.091,3.182
letter_U,15,7.2,6.2,6.8,0.6
letter_V,13,6.769,5.769,7.231,1.462
letter_W,18,7.278,6.278,6.722,0.444
letter_X,13,7.0,6.0,7.0,1.0
letter_Y,10,6.4,5.4,7.6,2.2
letter_Z,15,7.0,6.0,7.0,1.0
number_1,10,7.4,6.4,6.6,0.2
number_2,14,7.286,6.286,6.714,0.429
number_3,15,7.0,6.0,7.0,1.0
number_4,14,7.071,6.071,6.929,0.857
number_5,17,6.824,5.824,7.176,1.353
number_6,17,7.0,6.0,7.0,1.0
number_7,11,5.909,4.909,8.091,3.182
number_8,17,7.0,6.0,7.0,1.0
number_9,17,7.0,6.0,7.0,1.0
shape_CROSS,9,7.0,6.0,7.0,1.0
shape_DIAGONAL,5,7.0,6.0,7.0,1.0
shape_DIAMOND,8,7.0,6.0,7.0,1.0
shape_L_SHAPE,9,7.889,6.889,6.111,-0.778
shape_LINE,5,7.0,6.0,7.0,1.0
shape_RECTANGLE,12,7.0,6.0,7.0,1.0
shape_SQUARE,16,7.0,6.0,7.0,1.0
shape_T_SHAPE,9,6.111,5.111,7.889,2.778
shape_TRIANGLE,10,7.1,6.1,6.9,0.8
shape_ZIGZAG,8,6.5,5.5,7.5,2.0
symbol_AT,21,7.048,6.048,6.952,0.905
symbol_EXCLAMATION,6,6.667,5.667,7.333,1.667
symbol_HASH,20,7.0,6.0,7.0,1.0
symbol_HEART,16,6.75,5.75,7.25,1.5
symbol_PLUS,11,7.0,6.0,7.0,1.0
symbol_QUESTION,9,5.889,4.889,8.111,3.222
symbol_STAR,19,7.0,6.0,7.0,1.0
symbol_TIMES,11,7.0,6.0,7.0,1.0
