file,category,pattern,pawns,adjacent_pairs,blue_min_move_sum,red_min_move_sum,blue_max_min_moves,red_max_min_moves,balance_gap,heuristic_score,rank,tier
shape_DIAGONAL.json,shape,DIAGONAL,5,0,7,8,2,2,1,24.8,1,Starter
shape_LINE.json,shape,LINE,5,4,5,10,1,2,5,28.0,2,Starter
symbol_EXCLAMATION.json,symbol,EXCLAMATION,6,4,8,10,2,2,2,31.0,3,Starter
shape_DIAMOND.json,shape,DIAMOND,8,0,11,13,2,2,2,36.88,4,Starter
shape_ZIGZAG.json,shape,ZIGZAG,8,7,10,14,2,2,4,40.75,5,Starter
symbol_QUESTION.json,symbol,QUESTION,9,3,11,16,2,2,5,42.83,6,Starter
shape_L_SHAPE.json,shape,L_SHAPE,9,8,15,12,2,2,3,45.0,7,Starter
shape_CROSS.json,shape,CROSS,9,8,11,16,2,2,5,45.33,8,Starter
shape_T_SHAPE.json,shape,T_SHAPE,9,8,11,16,2,2,5,45.33,9,Starter
shape_TRIANGLE.json,shape,TRIANGLE,10,6,15,15,2,2,0,47.5,10,Starter
letter_Y.json,letter,Y,10,5,13,17,2,2,4,47.6,11,Starter
number_1.json,number,1,10,9,15,15,2,2,0,49.0,12,Starter
symbol_TIMES.json,symbol,TIMES,11,2,16,17,2,2,1,49.64,13,Starter
number_7.json,number,7,11,7,14,19,2,2,5,52.68,14,Intermediate
letter_L.json,letter,L,11,10,18,15,2,2,3,53.91,15,Intermediate
letter_T.json,letter,T,11,10,14,19,2,2,5,54.18,16,Intermediate
symbol_PLUS.json,symbol,PLUS,11,10,14,19,2,2,5,54.18,17,Intermediate
letter_J.json,letter,J,12,9,18,18,2,2,0,57.0,18,Intermediate
letter_X.json,letter,X,13,4,19,20,2,2,1,58.62,19,Intermediate
shape_RECTANGLE.json,shape,RECTANGLE,12,12,17,19,2,2,2,58.75,20,Intermediate
letter_V.json,letter,V,13,8,18,21,2,2,3,60.85,21,Intermediate
letter_C.json,letter,C,13,10,19,20,2,2,1,61.62,22,Intermediate
letter_K.json,letter,K,14,7,20,22,2,2,2,64.21,23,Intermediate
number_2.json,number,2,14,8,21,21,2,2,0,64.5,24,Intermediate
number_4.json,number,4,14,12,21,21,2,2,0,66.5,25,Intermediate
letter_F.json,letter,F,14,13,17,25,2,2,8,67.86,26,Intermediate
letter_Z.json,letter,Z,15,10,22,23,2,2,1,69.6,27,Intermediate
letter_S.json,letter,S,15,10,21,24,2,2,3,69.8,28,Challenging
number_3.json,number,3,15,10,21,24,2,2,3,69.8,29,Challenging
letter_U.json,letter,U,15,12,22,23,2,2,1,70.6,30,Challenging
letter_I.json,letter,I,15,14,22,23,2,2,1,71.6,31,Challenging
letter_P.json,letter,P,15,13,18,27,2,2,9,71.9,32,Challenging
letter_O.json,letter,O,16,12,23,25,2,2,2,74.69,33,Challenging
shape_SQUARE.json,shape,SQUARE,16,16,23,25,2,2,2,76.69,34,Challenging
letter_Q.json,letter,Q,17,10,25,26,2,2,1,77.59,35,Challenging
number_8.json,number,8,17,10,24,27,2,2,3,77.76,36,Challenging
number_6.json,number,6,17,13,24,27,2,2,3,79.26,37,Challenging
number_9.json,number,9,17,13,23,28,2,2,5,79.44,38,Challenging
symbol_HEART.json,symbol,HEART,16,21,20,28,2,2,8,79.75,39,Challenging
number_5.json,number,5,17,14,23,28,2,2,5,79.94,40,Challenging
letter_H.json,letter,H,17,16,23,28,2,2,5,80.94,41,Expert
letter_R.json,letter,R,18,14,24,30,2,2,6,84.0,42,Expert
letter_W.json,letter,W,18,15,27,27,2,2,0,84.0,43,Expert
letter_G.json,letter,G,18,15,26,28,2,2,2,84.17,44,Expert
letter_N.json,letter,N,18,15,25,29,2,2,4,84.33,45,Expert
letter_M.json,letter,M,18,15,24,30,2,2,6,84.5,46,Expert
letter_D.json,letter,D,18,16,26,28,2,2,2,84.67,47,Expert
letter_A.json,letter,A,18,16,24,30,2,2,6,85.0,48,Expert
letter_E.json,letter,E,18,17,25,29,2,2,4,85.33,49,Expert
symbol_STAR.json,symbol,STAR,19,18,26,31,2,2,5,89.89,50,Expert
letter_B.json,letter,B,20,17,28,32,2,2,4,93.3,51,Expert
symbol_HASH.json,symbol,HASH,20,20,29,31,2,2,2,94.65,52,Expert
symbol_AT.json,symbol,AT,21,18,30,33,2,2,3,97.71,53,Expert
