pattern,games,blue_wins,red_wins,timeouts,completion_rate,mean_win_turns,no_legal_moves
letter_A,4,0,0,4,0.0,,0
letter_B,4,0,0,4,0.0,,0
letter_C,4,0,0,4,0.0,,0
letter_D,4,0,0,4,0.0,,0
letter_E,4,0,0,4,0.0,,0
letter_F,4,0,0,4,0.0,,0
letter_G,4,0,0,4,0.0,,0
letter_H,4,0,0,4,0.0,,0
letter_I,4,0,0,4,0.0,,0
letter_J,4,0,0,4,0.0,,0
letter_K,4,0,0,4,0.0,,0
letter_L,4,0,0,4,0.0,,0
letter_M,4,0,0,4,0.0,,0
letter_N,4,0,0,4,0.0,,0
letter_O,4,0,0,4,0.0,,0
letter_P,4,0,0,4,0.0,,0
letter_Q,4,0,0,4,0.0,,0
letter_R,4,0,0,4,0.0,,0
letter_S,4,0,0,4,0.0,,0
letter_T,4,0,0,4,0.0,,0
letter_U,4,0,0,4,0.0,,0
letter_V,4,0,0,4,0.0,,0
letter_W,4,0,0,4,0.0,,0
letter_X,4,0,0,4,0.0,,0
letter_Y,4,0,0,4,0.0,,0
letter_Z,4,0,0,4,0.0,,0
number_1,4,0,0,4,0.0,,0
number_2,4,0,0,4,0.0,,0
number_3,4,0,0,4,0.0,,0
number_4,4,0,0,4,0.0,,0
number_5,4,0,0,4,0.0,,0
number_6,4,0,0,4,0.0,,0
number_7,4,0,0,4,0.0,,0
number_8,4,0,0,4,0.0,,0
number_9,4,0,0,4,0.0,,0
shape_CROSS,4,1,0,3,0.25,172.0,0
shape_DIAGONAL,4,2,0,2,0.5,46.0,0
shape_DIAMOND,4,1,0,3,0.25,116.0,0
shape_L_SHAPE,4,0,0,4,0.0,,0
shape_LINE,4,4,0,0,1.0,117.0,0
shape_RECTANGLE,4,0,0,4,0.0,,0
shape_SQUARE,4,0,0,4,0.0,,0
shape_T_SHAPE,4,2,0,2,0.5,116.0,0
shape_TRIANGLE,4,0,0,4,0.0,,0
shape_ZIGZAG,4,2,0,2,0.5,162.0,0
symbol_AT,4,0,0,4,0.0,,0
symbol_EXCLAMATION,4,1,0,3,0.25,66.0,0
symbol_HASH,4,0,0,4,0.0,,0
symbol_HEART,4,0,0,4,0.0,,0
symbol_PLUS,4,0,0,4,0.0,,0
symbol_QUESTION,4,3,0,1,0.75,246.0,0
symbol_STAR,4,0,0,4,0.0,,0
symbol_TIMES,4,0,0,4,0.0,,0
