pattern,blue,red,timeouts
letter_A,4,0,0
letter_B,4,0,0
letter_C,2,2,0
letter_D,3,1,0
letter_E,4,0,0
letter_F,4,0,0
letter_G,2,2,0
letter_H,4,0,0
letter_I,3,1,0
letter_J,1,3,0
letter_K,3,1,0
letter_L,0,4,0
letter_M,4,0,0
letter_N,4,0,0
letter_O,2,2,0
letter_P,4,0,0
letter_Q,3,1,0
letter_R,4,0,0
letter_S,3,1,0
letter_T,4,0,0
letter_U,2,2,0
letter_V,4,0,0
letter_W,1,3,0
letter_X,3,1,0
letter_Y,4,0,0
letter_Z,2,2,0
number_1,1,3,0
number_2,2,2,0
number_3,4,0,0
number_4,3,1,0
number_5,4,0,0
number_6,4,0,0
number_7,4,0,0
number_8,4,0,0
number_9,4,0,0
shape_CROSS,4,0,0
shape_DIAGONAL,3,1,0
shape_DIAMOND,3,1,0
shape_L_SHAPE,0,4,0
shape_LINE,4,0,0
shape_RECTANGLE,4,0,0
shape_SQUARE,4,0,0
shape_T_SHAPE,4,0,0
shape_TRIANGLE,4,0,0
shape_ZIGZAG,4,0,0
symbol_AT,4,0,0
symbol_EXCLAMATION,4,0,0
symbol_HASH,4,0,0
symbol_HEART,4,0,0
symbol_PLUS,4,0,0
symbol_QUESTION,4,0,0
symbol_STAR,4,0,0
symbol_TIMES,1,3,0
